method,coverage,avg_interval_width,mean_cost,cvar_90,cvar_95,service_level,total_cost,mae,rmse,mape,avg_order_quantity
SAA,,,317.94515984257407,432.9495456567707,472.66655054840703,0.9561643835616438,116049.98334253953,3.453884011752733,4.403890936562908,17.453390199365657,29.74333531937832
Normal_CVaR,0.9315068493150684,16.48915572302579,310.68779269686223,436.34929669660414,485.54910593132445,0.947945205479452,113401.04433435471,3.453884011752733,4.403890936562908,17.453390199365657,28.984039742405873
Conformal_CVaR,0.9315068493150684,16.416994823306933,310.3932970875462,436.521198501102,486.18528670133196,0.947945205479452,113293.55343695436,3.453884011752733,4.403890936562908,17.45339019936566,28.952282565651767
QuantileReg_CVaR,0.9315068493150684,20.423154231043043,320.4868821598038,451.80445033013757,514.6080942431611,0.9232876712328767,116977.71198832839,3.946310726383811,5.063099274364553,19.125676899453026,29.528058995757156
Transformer_QR,0.947945205479452,22.40554545322302,345.6275051101052,459.319012647333,493.903450678672,0.936986301369863,126154.0393651884,4.60879455461894,5.755102163174777,23.633664596027028,31.81309892686942
MCDropout_LSTM,0.9315068493150684,21.8613491963074,329.3185836499645,467.9657744006293,566.456965131974,0.9123287671232877,120201.28303223706,4.786285434357107,6.010908776169906,23.23795553461768,29.948988568133572
LSTM_QR,0.9424657534246575,28.44334190180218,353.43208161473973,493.65998621296643,610.9815310306984,0.8986301369863013,129002.70978938,6.419398435827804,8.139141370515855,28.800749640501827,31.75240993584047
DeepEnsemble,0.9452054794520548,27.570342645417643,406.1201881095916,578.1432691827782,598.6115650635242,0.9808219178082191,148233.86866000094,5.979599077407628,7.329620205035128,30.540179522319793,37.38579793039874
ExpectedValue,,,318.36880031226985,660.4595155168582,755.9100798479575,0.473972602739726,116204.6121139785,3.4538840117527325,4.403890936562908,17.45339019936566,21.702690246096857
